code,display_name,unit,data_type,min,max
afterHoursChangeAbove,After-Hours Change Above,,,,
afterHoursChangeBelow,After-Hours Change Below,,,,
afterHoursChangePercAbove,After-Hours Change (%) Above,,,,
afterHoursChangePercBelow,After-Hours Change (%) Below,,,,
avgAnalystTarget2PriceRatioAbove,Avg Analyst Target/Price Ratio Above,,,,
avgAnalystTarget2PriceRatioBelow,Avg Analyst Target/Price Ratio Below,,,,
avgOptVolumeAbove,Average Opt. Volume Above,,,-2147483648,2147483647
avgPriceTargetAbove,Avg Analyst Price Target Above,,,,
avgPriceTargetBelow,Avg Analyst Price Target Below,,,,
avgRatingAbove,Avg Analyst Rating Above,,,,
avgRatingBelow,Avg Analyst Rating Below,,,,
avgUsdVolumeAbove,Avg Volume ($) Above,,,,
avgUsdVolumeBelow,Avg Volume ($) Below,,,,
avgVolumeAbove,Avg Volume Above,,,-2147483648,2147483647
avgVolumeBelow,Avg Volume Below,,,-2147483648,2147483647
bidAskPriceType,Bid/Ask,,,,
bondAmtOutstandingAbove,Amt. Outstanding Above,,,,
bondAmtOutstandingBelow,Amt. Outstanding Below,,,,
bondAskAbove,Price Above,,,,
bondAskBelow,Price Below,,,,
bondAskSizeValueAbove,Quantity Above,,,,
bondAskSizeValueBelow,Quantity Below,,,,
bondAskYieldAbove,Yield Above,,,,
bondAskYieldBelow,Yield Below,,,,
bondAssetSubTypeStrBeginsWithOneOf,Products,,,,
bondBankQualifiedIs,Bank Qualified,,,,
bondBidAbove,Price Above,,,,
bondBidBelow,Price Below,,,,
bondBidOrAskAbove,Price Above,,,,
bondBidOrAskBelow,Price Below,,,,
bondBidOrAskSizeValueAbove,Quantity Above,,,,
bondBidOrAskSizeValueBelow,Quantity Below,,,,
bondBidOrAskYieldAbove,Yield Above,,,,
bondBidOrAskYieldBelow,Yield Below,,,,
bondBidSizeValueAbove,Quantity Above,,,,
bondBidSizeValueBelow,Quantity Below,,,,
bondBidYieldAbove,Yield Above,,,,
bondBidYieldBelow,Yield Below,,,,
bondBuildAmericaIs,Build America,,,,
bondCallableIs,Callable,,,,
bondConvexityAbove,Convexity Above,,,,
bondConvexityBelow,Convexity Below,,,,
bondCreditRating,Credit Rating,,,,
bondDebt2BookRatioAbove,Debt/Book Above,,,,
bondDebt2BookRatioBelow,Debt/Book Below,,,,
bondDebt2EquityRatioAbove,Debt/Equity Above,,,,
bondDebt2EquityRatioBelow,Debt/Equity Below,,,,
bondDebt2TanBookRatioAbove,Debt/Tang. Book Above,,,,
bondDebt2TanBookRatioBelow,Debt/Tang. Book Below,,,,
bondDebtOutstandingAbove,Debt Outstanding Above,,,,
bondDebtOutstandingBelow,Debt Outstanding Below,,,,
bondDebtOutstandingMuniAbove,Debt Outstanding Above,,,,
bondDebtOutstandingMuniBelow,Debt Outstanding Below,,,,
bondDefaultedIs,Defaulted,,,,
bondDurationAbove,Duration (%) Above,,,,
bondDurationBelow,Duration (%) Below,,,,
bondEquity2BookRatioAbove,Equity/Book Above,,,,
bondEquity2BookRatioBelow,Equity/Book Below,,,,
bondEquity2TanBookRatioAbove,Equity/Tang. Book Above,,,,
bondEquity2TanBookRatioBelow,Equity/Tang. Book Below,,,,
bondExchListedIs,Exch. Listed,,,,
bondFdicInsIs,FDIC Insured,,,,
bondGeneralObligationIs,General Obligation,,,,
bondIncrementSizeAbove,Increment Size Above,,,-2147483648,2147483647
bondIncrementSizeBelow,Increment Size Below,,,-2147483648,2147483647
bondInitialSizeAbove,Initial Size Above,,,-2147483648,2147483647
bondInitialSizeBelow,Initial Size Below,,,-2147483648,2147483647
bondInsuredIs,Insured,,,,
bondIssuerLike,Issuer,,,,
bondNetAskAbove,Price Above,,,,
bondNetAskBelow,Price Below,,,,
bondNetAskSizeValueAbove,Quantity Above,,,,
bondNetAskSizeValueBelow,Quantity Below,,,,
bondNetAskYieldAbove,Yield Above,,,,
bondNetAskYieldBelow,Yield Below,,,,
bondNetBidAbove,Price Above,,,,
bondNetBidBelow,Price Below,,,,
bondNetBidOrAskAbove,Price Above,,,,
bondNetBidOrAskBelow,Price Below,,,,
bondNetBidOrAskSizeValueAbove,Quantity Above,,,,
bondNetBidOrAskSizeValueBelow,Quantity Below,,,,
bondNetBidOrAskYieldAbove,Yield Above,,,,
bondNetBidOrAskYieldBelow,Yield Below,,,,
bondNetBidSizeValueAbove,Quantity Above,,,,
bondNetBidSizeValueBelow,Quantity Below,,,,
bondNetBidYieldAbove,Yield Above,,,,
bondNetBidYieldBelow,Yield Below,,,,
bondNetSpreadAbove,Spread Above,,,,
bondNetSpreadBelow,Spread Below,,,,
bondNextCallDateAbove,Call Protection Above,,,,
bondNextCallDateBelow,Call Protection Below,,,,
bondNoFederalTaxIs,Exempt from Federal Tax,,,,
bondPaymentFreqIs,Payment Freq.,,,,
bondRefundedIs,Refunded,,,,
bondRevenueIs,Revenue,,,,
bondSpreadAbove,Spread Above,,,,
bondSpreadBelow,Spread Below,,,,
bondStkMarketCapAbove,Equity Cap. Above,,,,
bondStkMarketCapBelow,Equity Cap. Below,,,,
bondStkSymbolIs,Symbol,,,,
bondStructRelated,Incl. related issuers,,,,
bondSubjectToAmtIs,Subject to AMT,,,,
bondTradingFlatIs,Trading Flat,,,,
bondUSStateLike,US state/territory,,,,
bondValidBidOrAskOnly,Include bonds without quotes,,,,
bondValidNetBidOrAskOnly,Include bonds without quotes,,,,
bondVarCouponRateIs,Variable Rate,,,,
changeOpenPercAbove,Change Since Open (%) Above,,,,
changeOpenPercBelow,Change Since Open (%) Below,,,,
changePercAbove,Change (%) Above,,,,
changePercBelow,Change (%) Below,,,,
couponRateAbove,Coupon Rate Above,,,,
couponRateBelow,Coupon Rate Below,,,,
curEMA100Above,EMA(100) Above,,,,
curEMA100Below,EMA(100) Below,,,,
curEMA200Above,EMA(200) Above,,,,
curEMA200Below,EMA(200) Below,,,,
curEMA20Above,EMA(20) Above,,,,
curEMA20Below,EMA(20) Below,,,,
curEMA50Above,EMA(50) Above,,,,
curEMA50Below,EMA(50) Below,,,,
curMACDAbove,MACD Above,,,,
curMACDBelow,MACD Below,,,,
curMACDDistAbove,MACD Histogram Above,,,,
curMACDDistBelow,MACD Histogram Below,,,,
curMACDSignalAbove,MACD Signal Above,,,,
curMACDSignalBelow,MACD Signal Below,,,,
curPPOAbove,PPO Above,,,,
curPPOBelow,PPO Below,,,,
curPPODistAbove,PPO Histogram Above,,,,
curPPODistBelow,PPO Histogram Below,,,,
curPPOSignalAbove,PPO Signal Above,,,,
curPPOSignalBelow,PPO Signal Below,,,,
currencyLike,Currency,,,,
currYrETFFYBVPerShareAbove,Curr Year Book Value Per Share (AltaVista) Above,,,,
currYrETFFYBVPerShareBelow,Curr Year Book Value Per Share (AltaVista) Below,,,,
currYrETFFYDividendYieldAbove,Curr Year Dividend Yield (AltaVista) Above,,,,
currYrETFFYDividendYieldBelow,Curr Year Dividend Yield (AltaVista) Below,,,,
currYrETFFYDPSAbove,Curr Year Dividends Per Share (AltaVista) Above,,,,
currYrETFFYDPSBelow,Curr Year Dividends Per Share (AltaVista) Below,,,,
currYrETFFYEPSAbove,Curr Year Earnings Per Share (AltaVista) Above,,,,
currYrETFFYEPSBelow,Curr Year Earnings Per Share (AltaVista) Below,,,,
currYrETFFYEPSGrowthAbove,Curr Year Earnings Per Share Growth (AltaVista) Above,,,,
currYrETFFYEPSGrowthBelow,Curr Year Earnings Per Share Growth (AltaVista) Below,,,,
currYrETFFYNetMarginAbove,Curr Year Net Margins Per Share (AltaVista) Above,,,,
currYrETFFYNetMarginBelow,Curr Year Net Margins Per Share (AltaVista) Below,,,,
currYrETFFYPriceToBookValueAbove,Curr Year Price/Book Value Ratio (AltaVista) Above,,,,
currYrETFFYPriceToBookValueBelow,Curr Year Price/Book Value Ratio (AltaVista) Below,,,,
currYrETFFYPriceToCashFlowAbove,Curr Year Price/Cash Flow Ratio (AltaVista) Above,,,,
currYrETFFYPriceToCashFlowBelow,Curr Year Price/Cash Flow Ratio (AltaVista) Below,,,,
currYrETFFYPriceToEarningsAbove,Curr Year Price/Earnings Ratio (AltaVista) Above,,,,
currYrETFFYPriceToEarningsBelow,Curr Year Price/Earnings Ratio (AltaVista) Below,,,,
currYrETFFYPriceToGrowthAbove,Curr Year Price/Growth Ratio (AltaVista) Above,,,,
currYrETFFYPriceToGrowthBelow,Curr Year Price/Growth Ratio (AltaVista) Below,,,,
currYrETFFYPriceToSalesAbove,Curr Year Price/Sales Ratio (AltaVista) Above,,,,
currYrETFFYPriceToSalesBelow,Curr Year Price/Sales Ratio (AltaVista) Below,,,,
currYrETFFYRoEAbove,Curr Year Return on Equity (AltaVista) Above,,,,
currYrETFFYRoEBelow,Curr Year Return on Equity (AltaVista) Below,,,,
currYrETFFYSPSAbove,Curr Year Sales Per Share (AltaVista) Above,,,,
currYrETFFYSPSBelow,Curr Year Sales Per Share (AltaVista) Below,,,,
currYrETFFYSPSGrowthAbove,Curr Year Sales Per Share Growth (AltaVista) Above,,,,
currYrETFFYSPSGrowthBelow,Curr Year Sales Per Share Growth (AltaVista) Below,,,,
displayImbalanceAdvRatioAbove,Imbalance Adv Ratio (%) Above,,,,
displayImbalanceAdvRatioBelow,Imbalance Adv Ratio (%) Below,,,,
displayRegulatoryImbAdvRatioAbove,Regulatory Imbalance Adv Ratio (%) Above,,,,
displayRegulatoryImbAdvRatioBelow,Regulatory Imbalance Adv Ratio (%) Below,,,,
dividendFrdAbove,Dividends Above (%),,,,
dividendFrdBelow,Dividends Below (%),,,,
dividendNextAmountAbove,Next Dividend per Share Above,,,,
dividendNextAmountBelow,Next Dividend per Share Below,,,,
dividendNextDateAbove,Next Dividend Date Above,,,,
dividendNextDateBelow,Next Dividend Date Below,,,,
dividendYieldFrdAbove,Dividend Yield Above (%),,,,
dividendYieldFrdBelow,Dividend Yield Below (%),,,,
epsChangeTTMAbove,EPS Chg TTM % (Refinitiv) Above,,,,
epsChangeTTMBelow,EPS Chg TTM % (Refinitiv) Below,,,,
esgCombinedScoreAbove,ESG Combined Score Above,,,,
esgCombinedScoreBelow,ESG Combined Score Below,,,,
esgCommunityScoreAbove,ESG Community Score Above,,,,
esgCommunityScoreBelow,ESG Community Score Below,,,,
esgControversiesScoreAbove,ESG Controversies Score Above,,,,
esgControversiesScoreBelow,ESG Controversies Score Below,,,,
esgCorpGovPillarScoreAbove,ESG Corporate Governance Score Above,,,,
esgCorpGovPillarScoreBelow,ESG Corporate Governance Score Below,,,,
esgEmissionsScoreAbove,ESG Emissions Score Above,,,,
esgEmissionsScoreBelow,ESG Emissions Score Below,,,,
esgEnvInvScoreAbove,ESG Environmental Innovation Score Above,,,,
esgEnvInvScoreBelow,ESG Environmental Innovation Score Below,,,,
esgEnvPillarScoreAbove,ESG Environmental Score Above,,,,
esgEnvPillarScoreBelow,ESG Environmental Score Below,,,,
esgHrScoreAbove,ESG Human Rights Score Above,,,,
esgHrScoreBelow,ESG Human Rights Score Below,,,,
esgManagementScoreAbove,ESG Management Score Above,,,,
esgManagementScoreBelow,ESG Management Score Below,,,,
esgProdRespScoreAbove,ESG Product Responsibility Score Above,,,,
esgProdRespScoreBelow,ESG Product Responsibility Score Below,,,,
esgResourceUseScoreAbove,ESG Resource Use Score Above,,,,
esgResourceUseScoreBelow,ESG Resource Use Score Below,,,,
esgScoreAbove,ESG Score Above,,,,
esgScoreBelow,ESG Score Below,,,,
esgShareholdersScoreAbove,ESG Shareholders Score Above,,,,
esgShareholdersScoreBelow,ESG Shareholders Score Below,,,,
esgSocialPillarScoreAbove,ESG Social Score Above,,,,
esgSocialPillarScoreBelow,ESG Social Score Below,,,,
esgStrategyScoreAbove,ESG CSR Strategy Score Above,,,,
esgStrategyScoreBelow,ESG CSR Strategy Score Below,,,,
esgWorkforceScoreAbove,ESG Workforce Score Above,,,,
esgWorkforceScoreBelow,ESG Workforce Score Below,,,,
etf1moChngAbove,1mo Change (AltaVista) Above,,,,
etf1moChngBelow,1mo Change (AltaVista) Below,,,,
etf3moChngAbove,3mo Change (AltaVista) Above,,,,
etf3moChngBelow,3mo Change (AltaVista) Below,,,,
etf5yrEPSAbove,5yr EPS Growth (AltaVista) Above,,,,
etf5yrEPSBelow,5yr EPS Growth (AltaVista) Below,,,,
etfALTARAbove,Altar Score (AltaVista) Above,,,,
etfALTARBelow,Altar Score (AltaVista) Below,,,,
etfAssetsAbove,Assets Under Management (AltaVista) Above,,,,
etfAssetsBelow,Assets Under Management (AltaVista) Below,,,,
etfAssetTurnsAbove,Asset Turnover Ratio (AltaVista) Above,,,,
etfAssetTurnsBelow,Asset Turnover Ratio (AltaVista) Below,,,,
etfAvgALTARAbove,Avg Altar Score (AltaVista) Above,,,,
etfAvgALTARBelow,Avg Altar Score (AltaVista) Below,,,,
etfBetaSPXAbove,Beta S&P500 (AltaVista) Above,,,,
etfBetaSPXBelow,Beta S&P500 (AltaVista) Below,,,,
etfBidAskPctAbove,Average Bid Ask Spread (AltaVista) Above,,,,
etfBidAskPctBelow,Average Bid Ask Spread (AltaVista) Below,,,,
etfComponent_CountAbove,Number of Components (AltaVista) Above,,,,
etfComponent_CountBelow,Number of Components (AltaVista) Below,,,,
etfCONVEX_WgtAvgAbove,Convexity Weighted Average (AltaVista) Above,,,,
etfCONVEX_WgtAvgBelow,Convexity Weighted Average (AltaVista) Below,,,,
etfCPN_WgtAvgAbove,Coupon Weighted Average (AltaVista) Above,,,,
etfCPN_WgtAvgBelow,Coupon Weighted Average (AltaVista) Below,,,,
etfCurYld_WgtAvgAbove,Current Yield Weighted Average (AltaVista) Above,,,,
etfCurYld_WgtAvgBelow,Current Yield Weighted Average (AltaVista) Below,,,,
etfDevAbove,Developed Market Exposure (AltaVista) Above,,,,
etfDevBelow,Developed Market Exposure (AltaVista) Below,,,,
etfDistribFreqIs,Distribution Frequency (Alta Vista),,,,
etfDUR_WgtAvgAbove,Macaulay Duration Weighted Average (AltaVista) Above,,,,
etfDUR_WgtAvgBelow,Macaulay Duration Weighted Average (AltaVista) Below,,,,
etfEmgAbove,Emerging Market Exposure (AltaVista) Above,,,,
etfEmgBelow,Emerging Market Exposure (AltaVista) Below,,,,
etfExpenseAbove,Expense (AltaVista) Above,,,,
etfExpenseBelow,Expense (AltaVista) Below,,,,
etfFwd_PCFAbove,Forward Price/Cash Flow (AltaVista) Above,,,,
etfFwd_PCFBelow,Forward Price/Cash Flow (AltaVista) Below,,,,
etfFwd_PEAbove,Forward Price/Earnings (AltaVista) Above,,,,
etfFwd_PEBelow,Forward Price/Earnings (AltaVista) Below,,,,
etfFwd_YldAbove,Forward Dividend Yield (AltaVista) Above,,,,
etfFwd_YldBelow,Forward Dividend Yield (AltaVista) Below,,,,
etfLeverageAbove,Leverage (AltaVista) Above,,,,
etfLeverageBelow,Leverage (AltaVista) Below,,,,
etfLTGAbove,Long Term Growth (AltaVista) Above,,,,
etfLTGBelow,Long Term Growth (AltaVista) Below,,,,
etfMaturity_WgtAvgAbove,Maturity Weighted Average (AltaVista) Above,,,,
etfMaturity_WgtAvgBelow,Maturity Weighted Average (AltaVista) Below,,,,
etfMOD_DUR_WgtAvgAbove,Modified Duration Weighted Average (AltaVista) Above,,,,
etfMOD_DUR_WgtAvgBelow,Modified Duration Weighted Average (AltaVista) Below,,,,
etfMoodyRatingAbove,Average Moody Rating (AltaVista) Above,,,,
etfMoodyRatingBelow,Average Moody Rating (AltaVista) Below,,,,
etfNum_DistinctAbove,Number of Issuers (AltaVista) Above,,,,
etfNum_DistinctBelow,Number of Issuers (AltaVista) Below,,,,
etfPayoutAbove,Payout (AltaVista) Above,,,,
etfPayoutBelow,Payout (AltaVista) Below,,,,
etfPct_at_MtyAbove,Portion With Standard Maturity (AltaVista) Above,,,,
etfPct_at_MtyBelow,Portion With Standard Maturity (AltaVista) Below,,,,
etfPct_FixedAbove,Portion With Fixed Interest Rate (AltaVista) Above,,,,
etfPct_FixedBelow,Portion With Fixed Interest Rate (AltaVista) Below,,,,
etfRSIAbove,30-day RSI (AltaVista) Above,,,,
etfRSIBelow,30-day RSI (AltaVista) Below,,,,
etfSht_IntAbove,Short Interest (AltaVista) Above,,,,
etfSht_IntBelow,Short Interest  (AltaVista) Below,,,,
etfSPRatingAbove,Average S&P Rating (AltaVista) Above,,,,
etfSPRatingBelow,Average S&P Rating (AltaVista) Below,,,,
etfTR10yrAbove,10yr Total Return (AltaVista) Above,,,,
etfTR10yrBelow,10yr Total Return (AltaVista) Below,,,,
etfTR1yrAbove,1yr Total Return (AltaVista) Above,,,,
etfTR1yrBelow,1yr Total Return (AltaVista) Below,,,,
etfTR5yrAbove,5yr Total Return (AltaVista) Above,,,,
etfTR5yrBelow,5yr Total Return (AltaVista) Below,,,,
etfTrackingDiffPctAbove,1yr Tracking Difference (AltaVista) Above,,,,
etfTrackingDiffPctBelow,1yr Tracking Difference (AltaVista) Below,,,,
etfTRIncepAbove,Total Return Since Inception (AltaVista) Above,,,,
etfTRIncepBelow,Total Return Since Inception (AltaVista) Below,,,,
etfTRytdAbove,Year-to-Date Total Return (AltaVista) Above,,,,
etfTRytdBelow,Year-to-Date Total Return (AltaVista) Below,,,,
etfYTM_WgtAvgAbove,Yield-To-Maturity Weighted Average (AltaVista) Above,,,,
etfYTM_WgtAvgBelow,Yield-To-Maturity Weighted Average (AltaVista) Below,,,,
excludeConvertible,Exclude Convertible,,,,
feeRateAbove,Fee Rate Above,,,,
feeRateBelow,Fee Rate Below,,,,
firstTradeDateAbove,First Trade Date Above,,,,
firstTradeDateBelow,First Trade Date Below,,,,
haltedIs,Halted,,,,
hasOptionsIs,Has Options,,,,
histDividendFrdAbove,Dividends TTM Above (%),,,,
histDividendFrdBelow,Dividends TTM Below (%),,,,
histDividendFrdYieldAbove,Dividend Yield TTM Above (%),,,,
histDividendFrdYieldBelow,Dividend Yield TTM Below (%),,,,
HVPercntl13wAbove,13 Week HV Percentile Above,,,,
HVPercntl13wBelow,13 Week HV Percentile Below,,,,
HVPercntl26wAbove,26 Week HV Percentile Above,,,,
HVPercntl26wBelow,26 Week HV Percentile Below,,,,
HVPercntl52wAbove,52 Week HV Percentile Above,,,,
HVPercntl52wBelow,52 Week HV Percentile Below,,,,
hvRank13wAbove,13 Week HV Rank Above,,,,
hvRank13wBelow,13 Week HV Rank Below,,,,
HVRank26wAbove,26 Week HV Rank Above,,,,
HVRank26wBelow,26 Week HV Rank Below,,,,
HVRank52wAbove,52 Week HV Rank Above,,,,
HVRank52wBelow,52 Week HV Rank Below,,,,
ihInsiderOfFloatPercAbove,Insider Shares as % of Float Above,,,,
ihInsiderOfFloatPercBelow,Insider Shares as % of Float Below,,,,
ihNumSharesInsiderAbove,# Shares held by Insider Above,,,,
ihNumSharesInsiderBelow,# Shares held by Insider Below,,,,
iiInstitutionalOfFloatPercAbove,Institutional Shares as % of Float Above,,,,
iiInstitutionalOfFloatPercBelow,Institutional Shares as % of Float Below,,,,
iiNumSharesInstitutionalAbove,# Shares held by Institutions Above,,,,
iiNumSharesInstitutionalBelow,# Shares held by Institutions Below,,,,
imbalanceAbove,Imbalance Above,,,,
imbalanceBelow,Imbalance Below,,,,
impVolatAbove,Opt Imp Vol Above,,,,
impVolatBelow,Opt Imp Vol Below,,,,
impVolatChangePercAbove,Opt Imp Vol Change (%) Above,,,,
impVolatChangePercBelow,Opt Imp Vol Change (%) Below,,,,
impVolatOverHistAbove,Opt Imp Vol Over Hist Above,,,,
impVolatOverHistBelow,Opt Imp Vol Over Hist Below,,,,
issuerCountryIs,Issuer Country,,,,
ivPercntl13wAbove,13 Week IV Percentile Above,,,,
ivPercntl13wBelow,13 Week IV Percentile Below,,,,
ivPercntl26wAbove,26 Week IV Percentile Above,,,,
ivPercntl26wBelow,26 Week IV Percentile Below,,,,
ivPercntl52wAbove,52 Week IV Percentile Above,,,,
ivPercntl52wBelow,52 Week IV Percentile Below,,,,
ivRank13wAbove,13 Week IV Rank Above,,,,
ivRank13wBelow,13 Week IV Rank Below,,,,
ivRank26wAbove,26 Week IV Rank Above,,,,
ivRank26wBelow,26 Week IV Rank Below,,,,
ivRank52wAbove,52 Week IV Rank Above,,,,
ivRank52wBelow,52 Week IV Rank Below,,,,
lastVsEMAChangeRatio100Above,Price vs EMA(100) Change(%) Above,,,,
lastVsEMAChangeRatio100Below,Price vs EMA(100) Change(%) Below,,,,
lastVsEMAChangeRatio200Above,Price vs EMA(200) Change(%) Above,,,,
lastVsEMAChangeRatio200Below,Price vs EMA(200) Change(%) Below,,,,
lastVsEMAChangeRatio20Above,Price vs EMA(20) Change(%) Above,,,,
lastVsEMAChangeRatio20Below,Price vs EMA(20) Change(%) Below,,,,
lastVsEMAChangeRatio50Above,Price vs EMA(50) Change(%) Above,,,,
lastVsEMAChangeRatio50Below,Price vs EMA(50) Change(%) Below,,,,
leadFutOnly,Lead Month Only,,,,
lipperAdjustedRSquared1yrAbove,R-Squared Adjusted 1Yr Above,,,,
lipperAdjustedRSquared1yrBelow,R-Squared Adjusted 1Yr Below,,,,
lipperAlpha1yrAbove,Alpha 1Yr Above,,,,
lipperAlpha1yrBelow,Alpha 1Yr Below,,,,
lipperAnnualizedPerformance10yrValueAbove,Annualized Performance 10Yr Above,,,,
lipperAnnualizedPerformance10yrValueBelow,Annualized Performance 10Yr Below,,,,
lipperAnnualizedPerformance3yrValueAbove,Annualized Performance 3Yr Above,,,,
lipperAnnualizedPerformance3yrValueBelow,Annualized Performance 3Yr Below,,,,
lipperAnnualizedPerformance5yrValueAbove,Annualized Performance 5Yr Above,,,,
lipperAnnualizedPerformance5yrValueBelow,Annualized Performance 5Yr Below,,,,
lipperAverageCouponAbove,Average Coupon Above,,,,
lipperAverageCouponBelow,Average Coupon Below,,,,
lipperAverageFinalCompositeZScoreAbove,Average Final Composite Z-Score Above,,,,
lipperAverageFinalCompositeZScoreBelow,Average Final Composite Z-Score Below,,,,
lipperAverageLoss1yrAbove,Average Loss 1Yr Above,,,,
lipperAverageLoss1yrBelow,Average Loss 1Yr Below,,,,
lipperAverageReturn1yrAbove,Average Return 1Yr Above,,,,
lipperAverageReturn1yrBelow,Average Return 1Yr Below,,,,
lipperBearBeta1yrAbove,Bear Beta 1Yr Above,,,,
lipperBearBeta1yrBelow,Bear Beta 1Yr Below,,,,
lipperBeta1yrAbove,Beta 1Yr Above,,,,
lipperBeta1yrBelow,Beta 1Yr Below,,,,
lipperBullBeta1yrAbove,Bull Beta 1Yr Above,,,,
lipperBullBeta1yrBelow,Bull Beta 1Yr Below,,,,
lipperCalculatedAverageQualityAbove,Calculated Average Quality Above,,,,
lipperCalculatedAverageQualityBelow,Calculated Average Quality Below,,,,
lipperCorrelation1yrAbove,Correlation 1Yr Above,,,,
lipperCorrelation1yrBelow,Correlation 1Yr Below,,,,
lipperCovariance1yrAbove,CoVariance 1Yr Above,,,,
lipperCovariance1yrBelow,CoVariance 1Yr Below,,,,
lipperDistributionYield1yrValueAbove,Distribution Yield 1Yr Above,,,,
lipperDistributionYield1yrValueBelow,Distribution Yield 1Yr Below,,,,
lipperDividendPayoutRatio5yrAbove,Dividend Payout Ratio - 5Yr Above,,,,
lipperDividendPayoutRatio5yrBelow,Dividend Payout Ratio - 5Yr Below,,,,
lipperDividendPayoutRatioAbove,Dividend Payout Ratio Above,,,,
lipperDividendPayoutRatioBelow,Dividend Payout Ratio Below,,,,
lipperDividendPerShare1yrAbove,Dividend Per Share 1Yr Above,,,,
lipperDividendPerShare1yrBelow,Dividend Per Share 1Yr Below,,,,
lipperDividendPerShare3yrAbove,Dividend Per Share 3Yr Above,,,,
lipperDividendPerShare3yrBelow,Dividend Per Share 3Yr Below,,,,
lipperDividendYieldWAvgAbove,Dividend Yield Weighted Average Above,,,,
lipperDividendYieldWAvgBelow,Dividend Yield Weighted Average Below,,,,
lipperDividendYieldZScoreAbove,Dividend Yield Z-Score Latest Above,,,,
lipperDividendYieldZScoreBelow,Dividend Yield Z-Score Latest Below,,,,
lipperDownsideDeviationPopulation1yrAbove,Downside Deviation 1Yr Above,,,,
lipperDownsideDeviationPopulation1yrBelow,Downside Deviation 1Yr Below,,,,
lipperEBIT2InterestAbove,EBIT to Interest Above,,,,
lipperEBIT2InterestBelow,EBIT to Interest Below,,,,
lipperEffectiveMaturityAbove,Effective Maturity Above,,,,
lipperEffectiveMaturityBelow,Effective Maturity Below,,,,
lipperEPSGrowth1yrAbove,EPS Growth - 1Yr Above,,,,
lipperEPSGrowth1yrBelow,EPS Growth - 1Yr Below,,,,
lipperEPSGrowth3yrAbove,EPS Growth - 3Yr Above,,,,
lipperEPSGrowth3yrBelow,EPS Growth - 3Yr Below,,,,
lipperEPSGrowth5yrAbove,EPS Growth - 5Yr Above,,,,
lipperEPSGrowth5yrBelow,EPS Growth - 5Yr Below,,,,
lipperFundLeverageRatioAbove,Fund Leverage Ratio Above,,,,
lipperFundLeverageRatioBelow,Fund Leverage Ratio Below,,,,
lipperInformationRatio1yrAbove,Information Ratio 1Yr Above,,,,
lipperInformationRatio1yrBelow,Information Ratio 1Yr Below,,,,
lipperLatestCompositeZScoreAbove,Composite Z-Score Latest Above,,,,
lipperLatestCompositeZScoreBelow,Composite Z-Score Latest Below,,,,
lipperLatestPrice2BookRatioAbove,Price/Book Ratio Latest Above,,,,
lipperLatestPrice2BookRatioBelow,Price/Book Ratio Latest Below,,,,
lipperLatestPrice2BookZScoreAbove,Price to Book Z-Score Latest Above,,,,
lipperLatestPrice2BookZScoreBelow,Price to Book Z-Score Latest Below,,,,
lipperLatestPrice2EarningsRatioAbove,Price/Earnings Ratio Latest Above,,,,
lipperLatestPrice2EarningsRatioBelow,Price/Earnings Ratio Latest Below,,,,
lipperLatestPrice2EarningsZScoreAbove,Price to Earnings Z-Score Latest Above,,,,
lipperLatestPrice2EarningsZScoreBelow,Price to Earnings Z-Score Latest Below,,,,
lipperLatestPrice2SalesRatioAbove,Price/Sales Ratio Latest Above,,,,
lipperLatestPrice2SalesRatioBelow,Price/Sales Ratio Latest Below,,,,
lipperLatestPrice2SalesZScoreAbove,Price/Sales Z-Score Latest Above,,,,
lipperLatestPrice2SalesZScoreBelow,Price/Sales Z-Score Latest Below,,,,
lipperLatestReturnOnEquityWAvgAbove,Return on Equity Weighted Average Latest Above,,,,
lipperLatestReturnOnEquityWAvgBelow,Return on Equity Weighted Average Latest Below,,,,
lipperLatestSalesPerShareGrowth3yrAbove,Sales Per Share Growth 3Yr Latest Above,,,,
lipperLatestSalesPerShareGrowth3yrBelow,Sales Per Share Growth 3Yr Latest Below,,,,
lipperLatestSPSGrowthZScoreAbove,SPS Growth Z-Score Latest Above,,,,
lipperLatestSPSGrowthZScoreBelow,SPS Growth Z-Score Latest Below,,,,
lipperLTDebt2ShareholdersEquityAbove,LT Debt / Shareholders Equity Above,,,,
lipperLTDebt2ShareholdersEquityBelow,LT Debt / Shareholders Equity Below,,,,
lipperMaxGain1yrAbove,Max Gain 1Yr Above,,,,
lipperMaxGain1yrBelow,Max Gain 1Yr Below,,,,
lipperMaximumDrawdown1yrAbove,Max Drawdown 1Yr Above,,,,
lipperMaximumDrawdown1yrBelow,Max Drawdown 1Yr Below,,,,
lipperMaxLoss1yrAbove,Max Loss 1Yr Above,,,,
lipperMaxLoss1yrBelow,Max Loss 1Yr Below,,,,
lipperMktCapAvgLatestAbove,Market Capitalisation - Avg. Latest Above,,,,
lipperMktCapAvgLatestBelow,Market Capitalisation - Avg. Latest Below,,,,
lipperNominalMaturityAbove,Nominal Maturity Above,,,,
lipperNominalMaturityBelow,Nominal Maturity Below,,,,
lipperNumberOfSecuritiesAbove,Number of Securities Above,,,,
lipperNumberOfSecuritiesBelow,Number of Securities Below,,,,
lipperOperCashFlowGrowthRate3yrAbove,Operating Cash Flow - Growth Rate 3Yr Above,,,,
lipperOperCashFlowGrowthRate3yrBelow,Operating Cash Flow - Growth Rate 3Yr Below,,,,
lipperPctChangeAbove,Pct Change Above,,,,
lipperPctChangeBelow,Pct Change Below,,,,
lipperPercentageGrowthCumulativeValueAbove,Percentage Growth Cumulative Above,,,,
lipperPercentageGrowthCumulativeValueBelow,Percentage Growth Cumulative Below,,,,
lipperPositivePeriods1yrAbove,Positive Periods 1Yr Above,,,,
lipperPositivePeriods1yrBelow,Positive Periods 1Yr Below,,,,
lipperPrice2BookRatioAbove,Price/Book Above,,,,
lipperPrice2BookRatioBelow,Price/Book Below,,,,
lipperPrice2CashAbove,Price to Cash Above,,,,
lipperPrice2CashBelow,Price to Cash Below,,,,
lipperPrice2DividendAbove,Price to Dividend Above,,,,
lipperPrice2DividendBelow,Price to Dividend Below,,,,
lipperPrice2EarningsRatioAbove,Price/Earnings Ratio Above,,,,
lipperPrice2EarningsRatioBelow,Price/Earnings Ratio Below,,,,
lipperPrice2SalesRatioAbove,Price/Sales Ratio Latest Above,,,,
lipperPrice2SalesRatioBelow,Price/Sales Ratio Latest Below,,,,
lipperProjectedYieldValueAbove,Projected Yield Value Above,,,,
lipperProjectedYieldValueBelow,Projected Yield Value Below,,,,
lipperRelativeStrengthAbove,Relative Strength Above,,,,
lipperRelativeStrengthBelow,Relative Strength Below,,,,
lipperReturnOnAssets1yrAbove,Return on Assets 1Yr Above,,,,
lipperReturnOnAssets1yrBelow,Return on Assets 1Yr Below,,,,
lipperReturnOnAssets3yrAbove,Return on Assets 3Yr Above,,,,
lipperReturnOnAssets3yrBelow,Return on Assets 3Yr Below,,,,
lipperReturnOnCapital3yrAbove,Return on Capital 3Yr Above,,,,
lipperReturnOnCapital3yrBelow,Return on Capital 3Yr Below,,,,
lipperReturnOnCapitalAbove,Return on Capital Above,,,,
lipperReturnOnCapitalBelow,Return on Capital Below,,,,
lipperReturnOnEquity1yrAbove,Return on Equity 1Yr Above,,,,
lipperReturnOnEquity1yrBelow,Return on Equity 1Yr Below,,,,
lipperReturnOnEquity3yrAbove,Return on Equity 3Yr Above,,,,
lipperReturnOnEquity3yrBelow,Return on Equity 3Yr Below,,,,
lipperReturnOnEquityZScoreAbove,Return on Equity Z-Score Latest Above,,,,
lipperReturnOnEquityZScoreBelow,Return on Equity Z-Score Latest Below,,,,
lipperReturnOnInvestment1yrAbove,Return on Investment 1Yr Above,,,,
lipperReturnOnInvestment1yrBelow,Return on Investment 1Yr Below,,,,
lipperReturnOnInvestment3yrAbove,Return on Investment 3Yr Above,,,,
lipperReturnOnInvestment3yrBelow,Return on Investment 3Yr Below,,,,
lipperReturnRiskRatio1yrAbove,Return Risk Ratio 1Yr Above,,,,
lipperReturnRiskRatio1yrBelow,Return Risk Ratio 1Yr Below,,,,
lipperRSquared1yrAbove,R-Squared 1Yr Above,,,,
lipperRSquared1yrBelow,R-Squared 1Yr Below,,,,
lipperSales2TotalAssetsAbove,Sales to Total Assets Above,,,,
lipperSales2TotalAssetsBelow,Sales to Total Assets Below,,,,
lipperSalesGrowth1yrAbove,Sales Growth 1Yr Above,,,,
lipperSalesGrowth1yrBelow,Sales Growth 1Yr Below,,,,
lipperSalesGrowth3yrAbove,Sales Growth 3Yr Above,,,,
lipperSalesGrowth3yrBelow,Sales Growth 3Yr Below,,,,
lipperSalesGrowth5yrAbove,Sales Growth 5Yr Above,,,,
lipperSalesGrowth5yrBelow,Sales Growth 5Yr Below,,,,
lipperSalesPerShareGrowth1yrAbove,Sales Per Share Growth 1 Year Above,,,,
lipperSalesPerShareGrowth1yrBelow,Sales Per Share Growth 1 Year Below,,,,
lipperSalesPerShareGrowth3yrAbove,Sales Per Share Growth 3 Year Above,,,,
lipperSalesPerShareGrowth3yrBelow,Sales Per Share Growth 3 Year Below,,,,
lipperSemiDeviation1yrAbove,Semi Deviation 1Yr Above,,,,
lipperSemiDeviation1yrBelow,Semi Deviation 1Yr Below,,,,
lipperSemiVariance1yrAbove,Semi Variance 1Yr Above,,,,
lipperSemiVariance1yrBelow,Semi Variance 1Yr Below,,,,
lipperSharpeRatio1yrAbove,Sharpe Ratio 1Yr Above,,,,
lipperSharpeRatio1yrBelow,Sharpe Ratio 1Yr Below,,,,
lipperSortino1yrAbove,Sortino Ratio 1Yr Above,,,,
lipperSortino1yrBelow,Sortino Ratio 1Yr Below,,,,
lipperSRRI1yrAbove,Synthetic Risk and Reward Indicator 1Yr Above,,,,
lipperSRRI1yrBelow,Synthetic Risk and Reward Indicator 1Yr Below,,,,
lipperStandardDeviation1yrAbove,Standard Deviation 1Yr Above,,,,
lipperStandardDeviation1yrBelow,Standard Deviation 1Yr Below,,,,
lipperTotalAssets2TotalEquityAbove,Total Assets / Total Equity Above,,,,
lipperTotalAssets2TotalEquityBelow,Total Assets / Total Equity Below,,,,
lipperTotalDebt2TotalCapitalAbove,Total Debt / Total Capital Above,,,,
lipperTotalDebt2TotalCapitalBelow,Total Debt / Total Capital Below,,,,
lipperTotalDebt2TotalEquityAbove,Total Debt / Total Equity Above,,,,
lipperTotalDebt2TotalEquityBelow,Total Debt / Total Equity Below,,,,
lipperTotalExpenseRatioAbove,Total Expense Ratio Above,,,,
lipperTotalExpenseRatioBelow,Total Expense Ratio Below,,,,
lipperTotalNetAssetsAbove,Total Net Assets Above,,,,
lipperTotalNetAssetsBelow,Total Net Assets Below,,,,
lipperTrackingError1yrAbove,Tracking Error 1Yr Above,,,,
lipperTrackingError1yrBelow,Tracking Error 1Yr Below,,,,
lipperTreynorRatio1yrAbove,Treynor Ratio 1Yr Above,,,,
lipperTreynorRatio1yrBelow,Treynor Ratio 1Yr Below,,,,
lipperValueAtRiskNormal1yrAbove,Value At Risk Normal 1Yr Above,,,,
lipperValueAtRiskNormal1yrBelow,Value At Risk Normal 1Yr Below,,,,
lipperValueAtRiskNormalETL1yrAbove,Value At Risk Normal End Tail Loss 1Yr Above,,,,
lipperValueAtRiskNormalETL1yrBelow,Value At Risk Normal End Tail Loss 1Yr Below,,,,
lipperValueAtRiskQuantile1yrAbove,Value At Risk Quantile 1Yr Above,,,,
lipperValueAtRiskQuantile1yrBelow,Value At Risk Quantile 1Yr Below,,,,
lipperValueAtRiskQuantileETL1yrAbove,Value At Risk Quantile End Tail Loss 1Yr Above,,,,
lipperValueAtRiskQuantileETL1yrBelow,Value At Risk Quantile End Tail Loss 1Yr Below,,,,
lipperVariance1yrAbove,Variance 1Yr Above,,,,
lipperVariance1yrBelow,Variance 1Yr Below,,,,
lipperWeightedFinalCompositeZScoreAbove,Weighted Final Composite Z-Score Above,,,,
lipperWeightedFinalCompositeZScoreBelow,Weighted Final Composite Z-Score Below,,,,
lipperYieldToMaturityAbove,Yield to Maturity Above,,,,
lipperYieldToMaturityBelow,Yield to Maturity Below,,,,
lipperYieldValueAbove,Yield 1Yr Above,,,,
lipperYieldValueBelow,Yield 1Yr Below,,,,
marketCapAbove1e6,Capitalization Above,,,,
marketCapBelow1e6,Capitalization Below,,,,
maturityDateAbove,Maturity Date Above,,,,
maturityDateBelow,Maturity Date Below,,,,
maxGrowthRate,Growth Rate Below (Refinitiv),,,,
maxPeRatio,P/E Ratio Below (Refinitiv),,,,
maxPrice2Bk,Price/Book Ratio Below (Refinitiv),,,,
maxPrice2TanBk,Price/Tang. Book Below (Refinitiv),,,,
maxQuickRatio,Quick Ratio Below (Refinitiv),,,,
maxRetnOnEq,Return On Equity Below (Refinitiv),,,,
mfConsistentReturnScore10yrAbove,Consistent Return Score 10yr Above,,,-2147483648,2147483647
mfConsistentReturnScore10yrBelow,Consistent Return Score 10yr Below,,,-2147483648,2147483647
mfConsistentReturnScore3yrAbove,Consistent Return Score 3yr Above,,,-2147483648,2147483647
mfConsistentReturnScore3yrBelow,Consistent Return Score 3yr Below,,,-2147483648,2147483647
mfConsistentReturnScore5yrAbove,Consistent Return Score 5yr Above,,,-2147483648,2147483647
mfConsistentReturnScore5yrBelow,Consistent Return Score 5yr Below,,,-2147483648,2147483647
mfConsistentReturnScoreOverallAbove,Consistent Return Score Overall Above,,,-2147483648,2147483647
mfConsistentReturnScoreOverallBelow,Consistent Return Score Overall Below,,,-2147483648,2147483647
mfExpenseScore10yrAbove,Expense Score 10yr Above,,,-2147483648,2147483647
mfExpenseScore10yrBelow,Expense Score 10yr Below,,,-2147483648,2147483647
mfExpenseScore3yrAbove,Expense Score 3yr Above,,,-2147483648,2147483647
mfExpenseScore3yrBelow,Expense Score 3yr Below,,,-2147483648,2147483647
mfExpenseScore5yrAbove,Expense Score 5yr Above,,,-2147483648,2147483647
mfExpenseScore5yrBelow,Expense Score 5yr Below,,,-2147483648,2147483647
mfExpenseScoreOverallAbove,Expense Score Overall Above,,,-2147483648,2147483647
mfExpenseScoreOverallBelow,Expense Score Overall Below,,,-2147483648,2147483647
mfPreservationScore10yrAbove,Preservation Score 10yr Above,,,-2147483648,2147483647
mfPreservationScore10yrBelow,Preservation Score 10yr Below,,,-2147483648,2147483647
mfPreservationScore3yrAbove,Preservation Score 3yr Above,,,-2147483648,2147483647
mfPreservationScore3yrBelow,Preservation Score 3yr Below,,,-2147483648,2147483647
mfPreservationScore5yrAbove,Preservation Score 5yr Above,,,-2147483648,2147483647
mfPreservationScore5yrBelow,Preservation Score 5yr Below,,,-2147483648,2147483647
mfPreservationScoreOverallAbove,Preservation Score Overall Above,,,-2147483648,2147483647
mfPreservationScoreOverallBelow,Preservation Score Overall Below,,,-2147483648,2147483647
mfPriceChangeValueAbove,Price Change Value Above,,,,
mfPriceChangeValueBelow,Price Change Value Below,,,,
mfTaxEfficiencyScore10yrAbove,Tax Efficiency Score 10yr Above,,,-2147483648,2147483647
mfTaxEfficiencyScore10yrBelow,Tax Efficiency Score 10yr Below,,,-2147483648,2147483647
mfTaxEfficiencyScore3yrAbove,Tax Efficiency Score 3yr Above,,,-2147483648,2147483647
mfTaxEfficiencyScore3yrBelow,Tax Efficiency Score 3yr Below,,,-2147483648,2147483647
mfTaxEfficiencyScore5yrAbove,Tax Efficiency Score 5yr Above,,,-2147483648,2147483647
mfTaxEfficiencyScore5yrBelow,Tax Efficiency Score 5yr Below,,,-2147483648,2147483647
mfTaxEfficiencyScoreOverallAbove,Tax Efficiency Score Overall Above,,,-2147483648,2147483647
mfTaxEfficiencyScoreOverallBelow,Tax Efficiency Score Overall Below,,,-2147483648,2147483647
mfTotalReturnScore10yrAbove,Total Return Score 10yr Above,,,-2147483648,2147483647
mfTotalReturnScore10yrBelow,Total Return Score 10yr Below,,,-2147483648,2147483647
mfTotalReturnScore3yrAbove,Total Return Score 3yr Above,,,-2147483648,2147483647
mfTotalReturnScore3yrBelow,Total Return Score 3yr Below,,,-2147483648,2147483647
mfTotalReturnScore5yrAbove,Total Return Score 5yr Above,,,-2147483648,2147483647
mfTotalReturnScore5yrBelow,Total Return Score 5yr Below,,,-2147483648,2147483647
mfTotalReturnScoreOverallAbove,Total Return Score Overall Above,,,-2147483648,2147483647
mfTotalReturnScoreOverallBelow,Total Return Score Overall Below,,,-2147483648,2147483647
minGrowthRate,Growth Rate Above (Refinitiv),,,,
minPeRatio,P/E Ratio Above (Refinitiv),,,,
minPrice2Bk,Price/Book Ratio Above (Refinitiv),,,,
minPrice2TanBk,Price/Tang. Book Above (Refinitiv),,,,
minQuickRatio,Quick Ratio Above (Refinitiv),,,,
minRetnOnEq,Return On Equity Above (Refinitiv),,,,
moodyRatingAbove,Moody Rating Above,,,,
moodyRatingBelow,Moody Rating Below,,,,
netProfitMarginTTMAbove,Net Profit Margin(%) (Refinitiv) Above,,,,
netProfitMarginTTMBelow,Net Profit Margin(%) (Refinitiv) Below,,,,
nextYrETFFYBVPerShareAbove,Next Year Book Value Per Share (AltaVista) Above,,,,
nextYrETFFYBVPerShareBelow,Next Year Book Value Per Share (AltaVista) Below,,,,
nextYrETFFYDividendYieldAbove,Next Year Dividend Yield (AltaVista) Above,,,,
nextYrETFFYDividendYieldBelow,Next Year Dividend Yield (AltaVista) Below,,,,
nextYrETFFYDPSAbove,Next Year Dividends Per Share (AltaVista) Above,,,,
nextYrETFFYDPSBelow,Next Year Dividends Per Share (AltaVista) Below,,,,
nextYrETFFYEPSAbove,Next Year Earnings Per Share (AltaVista) Above,,,,
nextYrETFFYEPSBelow,Next Year Earnings Per Share (AltaVista) Below,,,,
nextYrETFFYEPSGrowthAbove,Next Year Earnings Per Share Growth (AltaVista) Above,,,,
nextYrETFFYEPSGrowthBelow,Next Year Earnings Per Share Growth (AltaVista) Below,,,,
nextYrETFFYNetMarginAbove,Next Year Net Margins Per Share (AltaVista) Above,,,,
nextYrETFFYNetMarginBelow,Next Year Net Margins Per Share (AltaVista) Below,,,,
nextYrETFFYPriceToBookValueAbove,Next Year Price/Book Value Ratio (AltaVista) Above,,,,
nextYrETFFYPriceToBookValueBelow,Next Year Price/Book Value Ratio (AltaVista) Below,,,,
nextYrETFFYPriceToCashFlowAbove,Next Year Price/Cash Flow Ratio (AltaVista) Above,,,,
nextYrETFFYPriceToCashFlowBelow,Next Year Price/Cash Flow Ratio (AltaVista) Below,,,,
nextYrETFFYPriceToEarningsAbove,Next Year Price/Earnings Ratio (AltaVista) Above,,,,
nextYrETFFYPriceToEarningsBelow,Next Year Price/Earnings Ratio (AltaVista) Below,,,,
nextYrETFFYPriceToGrowthAbove,Next Year Price/Growth Ratio (AltaVista) Above,,,,
nextYrETFFYPriceToGrowthBelow,Next Year Price/Growth Ratio (AltaVista) Below,,,,
nextYrETFFYPriceToSalesAbove,Next Year Price/Sales Ratio (AltaVista) Above,,,,
nextYrETFFYPriceToSalesBelow,Next Year Price/Sales Ratio (AltaVista) Below,,,,
nextYrETFFYRoEAbove,Next Year Return on Equity (AltaVista) Above,,,,
nextYrETFFYRoEBelow,Next Year Return on Equity (AltaVista) Below,,,,
nextYrETFFYSPSAbove,Next Year Sales Per Share (AltaVista) Above,,,,
nextYrETFFYSPSBelow,Next Year Sales Per Share (AltaVista) Below,,,,
nextYrETFFYSPSGrowthAbove,Next Year Sales Per Share Growth (AltaVista) Above,,,,
nextYrETFFYSPSGrowthBelow,Next Year Sales Per Share Growth (AltaVista) Below,,,,
numPriceTargetsAbove,# of Analyst Price Targets Above,,,-2147483648,2147483647
numPriceTargetsBelow,# of Analyst Price Targets Below,,,-2147483648,2147483647
numRatingsAbove,# of Analyst Ratings Above,,,-2147483648,2147483647
numRatingsBelow,# of Analyst Ratings Below,,,-2147483648,2147483647
openGapPercAbove,Gap (%) Above,,,,
openGapPercBelow,Gap (%) Below,,,,
operatingMarginTTMAbove,Operating Margin (Refinitiv) Above,,,,
operatingMarginTTMBelow,Operating Margin (Refinitiv) Below,,,,
optOpenInterestAbove,Opt Open Interest Above,,,,
optOpenInterestBelow,Opt Open Interest Below,,,,
optVolumeAbove,Option Volume Above,,,,
optVolumeBelow,Option Volume Below,,,,
optVolumePCRatioAbove,Opt Volume P/C Ratio Above,,,,
optVolumePCRatioBelow,Opt Volume P/C Ratio Below,,,,
payoutRatioTTMAbove,Payout Ratio TTM (Refinitiv) Above,,,,
payoutRatioTTMBelow,Payout Ratio TTM (Refinitiv) Below,,,,
peaEligibleStkIs,PEA Eligible,,,,
prevYrETFFYBVPerShareAbove,Prev Year Book Value Per Share (AltaVista) Above,,,,
prevYrETFFYBVPerShareBelow,Prev Year Book Value Per Share (AltaVista) Below,,,,
prevYrETFFYDividendYieldAbove,Prev Year Dividend Yield (AltaVista) Above,,,,
prevYrETFFYDividendYieldBelow,Prev Year Dividend Yield (AltaVista) Below,,,,
prevYrETFFYDPSAbove,Prev Year Dividends Per Share (AltaVista) Above,,,,
prevYrETFFYDPSBelow,Prev Year Dividends Per Share (AltaVista) Below,,,,
prevYrETFFYEPSAbove,Prev Year Earnings Per Share (AltaVista) Above,,,,
prevYrETFFYEPSBelow,Prev Year Earnings Per Share (AltaVista) Below,,,,
prevYrETFFYEPSGrowthAbove,Prev Year Earnings Per Share Growth (AltaVista) Above,,,,
prevYrETFFYEPSGrowthBelow,Prev Year Earnings Per Share Growth (AltaVista) Below,,,,
prevYrETFFYNetMarginAbove,Prev Year Net Margins Per Share (AltaVista) Above,,,,
prevYrETFFYNetMarginBelow,Prev Year Net Margins Per Share (AltaVista) Below,,,,
prevYrETFFYPriceToBookValueAbove,Prev Year Price/Book Value Ratio (AltaVista) Above,,,,
prevYrETFFYPriceToBookValueBelow,Prev Year Price/Book Value Ratio (AltaVista) Below,,,,
prevYrETFFYPriceToCashFlowAbove,Prev Year Price/Cash Flow Ratio (AltaVista) Above,,,,
prevYrETFFYPriceToCashFlowBelow,Prev Year Price/Cash Flow Ratio (AltaVista) Below,,,,
prevYrETFFYPriceToEarningsAbove,Prev Year Price/Earnings Ratio (AltaVista) Above,,,,
prevYrETFFYPriceToEarningsBelow,Prev Year Price/Earnings Ratio (AltaVista) Below,,,,
prevYrETFFYPriceToGrowthAbove,Prev Year Price/Growth Ratio (AltaVista) Above,,,,
prevYrETFFYPriceToGrowthBelow,Prev Year Price/Growth Ratio (AltaVista) Below,,,,
prevYrETFFYPriceToSalesAbove,Prev Year Price/Sales Ratio (AltaVista) Above,,,,
prevYrETFFYPriceToSalesBelow,Prev Year Price/Sales Ratio (AltaVista) Below,,,,
prevYrETFFYRoEAbove,Prev Year Return on Equity (AltaVista) Above,,,,
prevYrETFFYRoEBelow,Prev Year Return on Equity (AltaVista) Below,,,,
prevYrETFFYSPSAbove,Prev Year Sales Per Share (AltaVista) Above,,,,
prevYrETFFYSPSBelow,Prev Year Sales Per Share (AltaVista) Below,,,,
prevYrETFFYSPSGrowthAbove,Prev Year Sales Per Share Growth (AltaVista) Above,,,,
prevYrETFFYSPSGrowthBelow,Prev Year Sales Per Share Growth (AltaVista) Below,,,,
price2CashTTMAbove,Price To Cash Per Share (Refinitiv) Above,,,,
price2CashTTMBelow,Price To Cash Per Share (Refinitiv) Below,,,,
priceAbove,Price Above,,,,
priceBelow,Price Below,,,,
priceRangeAbove,Price Range Above,,,,
priceRangeBelow,Price Range Below,,,,
prodCatIs,Product Category,,,,
ratingsRelation,,,,,
rcgIntermediateTermClassIs,Intermediate Term Class (Recognia),,,,
rcgIntermediateTermEventScoreAbove,Intermediate Term Event Score (Recognia) Above,,,,
rcgIntermediateTermEventScoreBelow,Intermediate Term Event Score (Recognia) Below,,,,
rcgIntermediateTermTechnicalDateAbove,Intermediate Term Technical Event Date (Recognia) Above,,,,
rcgIntermediateTermTechnicalDateBelow,Intermediate Term Technical Event Date (Recognia) Below,,,,
rcgIntermediateTermTradeIs,Intermediate Term Long/Short (Recognia),,,,
rcgLongTermClassIs,Long Term Class (Recognia),,,,
rcgLongTermEventScoreAbove,Long Term Event Score (Recognia) Above,,,,
rcgLongTermEventScoreBelow,Long Term Event Score (Recognia) Below,,,,
rcgLongTermTechnicalDateAbove,Long Term Technical Event Date (Recognia) Above,,,,
rcgLongTermTechnicalDateBelow,Long Term Technical Event Date (Recognia) Below,,,,
rcgLongTermTradeIs,Long Term Long/Short (Recognia),,,,
rcgShortTermClassIs,Short Term Class (Recognia),,,,
rcgShortTermEventScoreAbove,Short Term Event Score (Recognia) Above,,,,
rcgShortTermEventScoreBelow,Short Term Event Score (Recognia) Below,,,,
rcgShortTermTechnicalDateAbove,Short Term Technical Event Date (Recognia) Above,,,,
rcgShortTermTechnicalDateBelow,Short Term Technical Event Date (Recognia) Below,,,,
rcgShortTermTradeIs,Short Term Long/Short (Recognia),,,,
regulatoryImbalanceAbove,Regulatory Imbalance Above,,,,
regulatoryImbalanceBelow,Regulatory Imbalance Below,,,,
returnOnInvestmentTTMAbove,Return On Investment (Refinitiv) Above,,,,
returnOnInvestmentTTMBelow,Return On Investment (Refinitiv) Below,,,,
revChangeAbove,Rev Change(%) (Refinitiv) Above,,,,
revChangeBelow,Rev Change(%) (Refinitiv) Below,,,,
revGrowthRate5YAbove,Revenue Growth Rate 5Y (Refinitiv) Above,,,,
revGrowthRate5YBelow,Revenue Growth Rate 5Y (Refinitiv) Below,,,,
seperatorType,Market Data,,,,
seperatorTypeESG,ESG Filters,,,,
seperatorTypeSym,,,,,
sharesAvailableManyAbove,Shares Available Above,,,-2147483648,2147483647
sharesAvailableManyBelow,Shares Available Below,,,-2147483648,2147483647
shortSaleRestrictionIs,Short Sale Restriction,,,,
socialSentimentScoreAbove,Social Sentiment Score Above,,,,
socialSentimentScoreBelow,Social Sentiment Score Below,,,,
socialSentimentScoreChangeAbove,Social Sentiment Score Change Above,,,,
socialSentimentScoreChangeBelow,Social Sentiment Score Change Below,,,,
spRatingAbove,S&P Rating Above,,,,
spRatingBelow,S&P Rating Below,,,,
stkTypes,Stock type,,,,
stVolume10minAbove,10min Volume Above,,,-2147483648,2147483647
stVolume10minBelow,10min Volume Below,,,-2147483648,2147483647
stVolume3minAbove,3min Volume Above,,,-2147483648,2147483647
stVolume3minBelow,3min Volume Below,,,-2147483648,2147483647
stVolume5minAbove,5min Volume Above,,,-2147483648,2147483647
stVolume5minBelow,5min Volume Below,,,-2147483648,2147483647
tradeCountAbove,Trade Count Above,,,-2147483648,2147483647
tradeCountBelow,Trade Count Below,,,-2147483648,2147483647
tradeRateAbove,Trade Rate Above,,,,
tradeRateBelow,Trade Rate Below,,,,
tweetVolumeScoreAbove,Tweet Volume Score Above,,,,
tweetVolumeScoreBelow,Tweet Volume Score Below,,,,
tweetVolumeScoreChangeAbove,Tweet Volume Score Change Above,,,,
tweetVolumeScoreChangeBelow,Tweet Volume Score Change Below,,,,
underConID,Underlying Contract,,,,
unshortableIs,Unshortable,,,,
usdPriceAbove,Price ($) Above,,,,
usdPriceBelow,Price ($) Below,,,,
usdVolumeAbove,Volume ($) Above,,,,
usdVolumeBelow,Volume ($) Below,,,,
utilizationAbove,Utilization Above,,,,
utilizationBelow,Utilization Below,,,,
volumeAbove,Volume Above,,,-2147483648,2147483647
volumeRateAbove,Volume Rate Above,,,,
volumeRateBelow,Volume Rate Below,,,,
